Workbook

Sheet Dashboard
B1: 📊 DASHBOARD DE VENDAS CORPORATIVAS
B4: Filtrar por Mês: | C4: Todos | R4: =IFERROR(MATCH($C$4,{"janeiro";"fevereiro";"março";"abril";"maio";"junho";"julho";"agosto";"setembro";"outubro";"novembro";"dezembro"},0),0) -> 0
B6: FATURAMENTO TOTAL | F6: PRODUTOS VENDIDOS (QTD) | J6: TICKET MÉDIO | N6: MELHOR VENDEDOR
B7: =IF($C$4="Todos",SUM(Dados!$H$2:$H$121),SUMPRODUCT((MONTH(Dados!$A$2:$A$121)=$R$4)*Dados!$H$2:$H$121)) -> 664613.8 | F7: =IF($C$4="Todos",SUM(Dados!$F$2:$F$121),SUMPRODUCT((MONTH(Dados!$A$2:$A$121)=$R$4)*Dados!$F$2:$F$121)) -> 1050 | J7: =IFERROR(IF($C$4="Todos",AVERAGE(Dados!$H$2:$H$121),SUMPRODUCT((MONTH(Dados!$A$2:$A$121)=$R$4)*Dados!$H$2:$H$121)/SUMPRODUCT((MONTH(Dados!$A$2:$A$121)=$R$4)*1)),0) -> 5538.4483 | N7: =INDEX(Cálculos!$A$3:$A$7,MATCH(MAX(Cálculos!$B$3:$B$7),Cálculos!$B$3:$B$7,0)) -> Ana Souza
B9: ="⚠️ Alerta de concentração: "&INDEX(B13:B22,MATCH(MAX(D13:D22),D13:D22,0))&" representa "&TEXT(MAX(D13:D22),"0.0%")&" do faturamento do período — dependência de um único produto." -> ⚠️ Alerta de concentração: Notebook Pro 14 representa 52% do faturamento do período — dependência de um único produto.
B11: DESEMPENHO POR PRODUTO | F11: FATURAMENTO POR VENDEDOR
B12: Produto | C12: Faturamento | D12: % Participação | F12: Vendedor | G12: Faturamento
B13: Notebook Pro 14 | C13: 345600 | D13: =IFERROR(C13/SUM($C$13:$C$22),0) -> 0.52000124 | F13: Ana Souza | G13: =Cálculos!B3 -> 229320.3
B14: Monitor 24pol | C14: 123163 | D14: =IFERROR(C14/SUM($C$13:$C$22),0) -> 0.18531514 | F14: Igor Martins | G14: =Cálculos!B4 -> 157616.6
B15: Cadeira Ergonômica | C15: 56175 | D15: =IFERROR(C15/SUM($C$13:$C$22),0) -> 0.084522771 | F15: Bruno Lima | G15: =Cálculos!B5 -> 100221.4
B16: Mesa de Escritório | C16: 40732 | D16: =IFERROR(C16/SUM($C$13:$C$22),0) -> 0.06128672 | F16: Carla Mendes | G16: =Cálculos!B6 -> 98439.5
B17: Teclado Mecânico | C17: 24740.1 | D17: =IFERROR(C17/SUM($C$13:$C$22),0) -> 0.037224776 | F17: Diego Santos | G17: =Cálculos!B7 -> 79016
B18: Webcam HD | C18: 23388.3 | D18: =IFERROR(C18/SUM($C$13:$C$22),0) -> 0.035190813
B19: Fone Bluetooth | C19: 19667.7 | D19: =IFERROR(C19/SUM($C$13:$C$22),0) -> 0.029592675
B20: Mouse sem Fio | C20: 14294.1 | D20: =IFERROR(C20/SUM($C$13:$C$22),0) -> 0.021507378 | F20: EVOLUÇÃO MENSAL DO FATURAMENTO
B21: Luminária LED | C21: 9742.5 | D21: =IFERROR(C21/SUM($C$13:$C$22),0) -> 0.014658889 | F21: Mês | G21: Faturamento
B22: Suporte para Notebook | C22: 7111.1 | D22: =IFERROR(C22/SUM($C$13:$C$22),0) -> 0.010699597 | F22: ='[1]Auxiliar (não apagar)'!A4 -> janeiro | G22: =Cálculos!C10 -> 41232.4
B23: Total Geral | C23: 664613.8 | D23: =SUM(D13:D22) -> 1 | F23: ='[1]Auxiliar (não apagar)'!A5 -> fevereiro | G23: =Cálculos!C11 -> 18182.6
F24: ='[1]Auxiliar (não apagar)'!A6 -> março | G24: =Cálculos!C12 -> 17397.4
F25: ='[1]Auxiliar (não apagar)'!A7 -> abril | G25: =Cálculos!C13 -> 52357.4
B26: VENDAS POR CATEGORIA | F26: ='[1]Auxiliar (não apagar)'!A8 -> maio | G26: =Cálculos!C14 -> 48431.9
B27: Categoria | C27: Faturamento | F27: ='[1]Auxiliar (não apagar)'!A9 -> junho | G27: =Cálculos!C15 -> 142492.6
B28: Eletrônicos | C28: 507797.2 | F28: ='[1]Auxiliar (não apagar)'!A10 -> julho | G28: =Cálculos!C16 -> 62442.8
B29: Móveis | C29: 106649.5 | F29: ='[1]Auxiliar (não apagar)'!A11 -> agosto | G29: =Cálculos!C17 -> 37581.7
B30: Acessórios | C30: 50167.1 | F30: ='[1]Auxiliar (não apagar)'!A12 -> setembro | G30: =Cálculos!C18 -> 14705.1
F31: ='[1]Auxiliar (não apagar)'!A13 -> outubro | G31: =Cálculos!C19 -> 97450.6
F32: ='[1]Auxiliar (não apagar)'!A14 -> novembro | G32: =Cálculos!C20 -> 66090.1
F33: ='[1]Auxiliar (não apagar)'!A15 -> dezembro | G33: =Cálculos!C21 -> 66249.2

Sheet Dados
A1: Data | B1: Mês | C1: Vendedor | D1: Produto | E1: Categoria | F1: Quantidade | G1: Valor Unitário | H1: Total
A2: 45658 | B2: =TEXT(Dados[[#This Row],[Data]],"mmmm") -> janeiro | C2: Igor Martins | D2: Mesa de Escritório | E2: Móveis | F2: 8 | G2: 599 | H2: =F2*G2 -> 4792
A3: 45659 | B3: =TEXT(Dados[[#This Row],[Data]],"mmmm") -> janeiro | C3: Carla Mendes | D3: Teclado Mecânico | E3: Eletrônicos | F3: 11 | G3: 249.9 | H3: =F3*G3 -> 2748.9
A4: 45661 | B4: =TEXT(Dados[[#This Row],[Data]],"mmmm") -> janeiro | C4: Bruno Lima | D4: Luminária LED | E4: Móveis | F4: 6 | G4: 129.9 | H4: =F4*G4 -> 779.4
A5: 45663 | B5: =TEXT(Dados[[#This Row],[Data]],"mmmm") -> janeiro | C5: Ana Souza | D5: Webcam HD | E5: Acessórios | F5: 13 | G5: 199.9 | H5: =F5*G5 -> 2598.7
A6: 45667 | B6: =TEXT(Dados[[#This Row],[Data]],"mmmm") -> janeiro | C6: Ana Souza | D6: Mesa de Escritório | E6: Móveis | F6: 15 | G6: 599 | H6: =F6*G6 -> 8985
A7: 45671 | B7: =TEXT(Dados[[#This Row],[Data]],"mmmm") -> janeiro | C7: Igor Martins | D7: Monitor 24pol | E7: Eletrônicos | F7: 12 | G7: 899 | H7: =F7*G7 -> 10788
A8: 45674 | B8: =TEXT(Dados[[#This Row],[Data]],"mmmm") -> janeiro | C8: Carla Mendes | D8: Luminária LED | E8: Móveis | F8: 5 | G8: 129.9 | H8: =F8*G8 -> 649.5
A9: 45674 | B9: =TEXT(Dados[[#This Row],[Data]],"mmmm") -> janeiro | C9: Carla Mendes | D9: Mouse sem Fio | E9: Eletrônicos | F9: 9 | G9: 89.9 | H9: =F9*G9 -> 809.1
A10: 45676 | B10: =TEXT(Dados[[#This Row],[Data]],"mmmm") -> janeiro | C10: Carla Mendes | D10: Suporte para Notebook | E10: Acessórios | F10: 9 | G10: 79.9 | H10: =F10*G10 -> 719.1
A11: 45677 | B11: =TEXT(Dados[[#This Row],[Data]],"mmmm") -> janeiro | C11: Diego Santos | D11: Monitor 24pol | E11: Eletrônicos | F11: 4 | G11: 899 | H11: =F11*G11 -> 3596
A12: 45678 | B12: =TEXT(Dados[[#This Row],[Data]],"mmmm") -> janeiro | C12: Igor Martins | D12: Mouse sem Fio | E12: Eletrônicos | F12: 7 | G12: 89.9 | H12: =F12*G12 -> 629.3
A13: 45682 | B13: =TEXT(Dados[[#This Row],[Data]],"mmmm") -> janeiro | C13: Ana Souza | D13: Teclado Mecânico | E13: Eletrônicos | F13: 11 | G13: 249.9 | H13: =F13*G13 -> 2748.9
... A121: 46019 | B121: =TEXT(Dados[[#This Row],[Data]],"mmmm") -> dezembro | C121: Diego Santos | D121: Webcam HD | E121: Acessórios | F121: 1 | G121: 199.9 | H121: =F121*G121 -> 199.9

Sheet Cálculos
A2: Vendedor | B2: Total_Vendido
A3: Ana Souza | B3: =IF(Dashboard!$C$4="Todos",SUMIF(Dados!$C$2:$C$121,A3,Dados!$H$2:$H$121),SUMPRODUCT((MONTH(Dados!$A$2:$A$121)=Dashboard!$R$4)*(Dados!$C$2:$C$121=A3)*Dados!$H$2:$H$121)) -> 229320.3
A4: Igor Martins | B4: =IF(Dashboard!$C$4="Todos",SUMIF(Dados!$C$2:$C$121,A4,Dados!$H$2:$H$121),SUMPRODUCT((MONTH(Dados!$A$2:$A$121)=Dashboard!$R$4)*(Dados!$C$2:$C$121=A4)*Dados!$H$2:$H$121)) -> 157616.6
A5: Bruno Lima | B5: =IF(Dashboard!$C$4="Todos",SUMIF(Dados!$C$2:$C$121,A5,Dados!$H$2:$H$121),SUMPRODUCT((MONTH(Dados!$A$2:$A$121)=Dashboard!$R$4)*(Dados!$C$2:$C$121=A5)*Dados!$H$2:$H$121)) -> 100221.4
A6: Carla Mendes | B6: =IF(Dashboard!$C$4="Todos",SUMIF(Dados!$C$2:$C$121,A6,Dados!$H$2:$H$121),SUMPRODUCT((MONTH(Dados!$A$2:$A$121)=Dashboard!$R$4)*(Dados!$C$2:$C$121=A6)*Dados!$H$2:$H$121)) -> 98439.5
A7: Diego Santos | B7: =IF(Dashboard!$C$4="Todos",SUMIF(Dados!$C$2:$C$121,A7,Dados!$H$2:$H$121),SUMPRODUCT((MONTH(Dados!$A$2:$A$121)=Dashboard!$R$4)*(Dados!$C$2:$C$121=A7)*Dados!$H$2:$H$121)) -> 79016
A9: Mês | B9: Nº | C9: Faturamento no Mês
A10: janeiro | B10: 1 | C10: =SUMIFS(Dados!$H:$H,Dados!$B:$B,Cálculos!A10) -> 41232.4
A11: fevereiro | B11: 2 | C11: =SUMIFS(Dados!$H:$H,Dados!$B:$B,Cálculos!A11) -> 18182.6
A12: março | B12: 3 | C12: =SUMIFS(Dados!$H:$H,Dados!$B:$B,Cálculos!A12) -> 17397.4
A13: abril | B13: 4 | C13: =SUMIFS(Dados!$H:$H,Dados!$B:$B,Cálculos!A13) -> 52357.4
A14: maio | B14: 5 | C14: =SUMIFS(Dados!$H:$H,Dados!$B:$B,Cálculos!A14) -> 48431.9
A15: junho | B15: 6 | C15: =SUMIFS(Dados!$H:$H,Dados!$B:$B,Cálculos!A15) -> 142492.6
A16: julho | B16: 7 | C16: =SUMIFS(Dados!$H:$H,Dados!$B:$B,Cálculos!A16) -> 62442.8
A17: agosto | B17: 8 | C17: =SUMIFS(Dados!$H:$H,Dados!$B:$B,Cálculos!A17) -> 37581.7
A18: setembro | B18: 9 | C18: =SUMIFS(Dados!$H:$H,Dados!$B:$B,Cálculos!A18) -> 14705.1
A19: outubro | B19: 10 | C19: =SUMIFS(Dados!$H:$H,Dados!$B:$B,Cálculos!A19) -> 97450.6
A20: novembro | B20: 11 | C20: =SUMIFS(Dados!$H:$H,Dados!$B:$B,Cálculos!A20) -> 66090.1
A21: dezembro | B21: 12 | C21: =SUMIFS(Dados!$H:$H,Dados!$B:$B,Cálculos!A21) -> 66249.2
